24.2913s : 	3557971839	83506985	0
44.5807s : 	3552485593	90437314	0
61.944s : 	3542940267	52975328	0
83.7486s : 	3535358201	44483300	0
84.9623s : 	3527082975	36345327	0
104.407s : 	3522583975	36310150	0
125.243s : 	3517250403	35710277	0
142.815s : 	3511761776	35760678	0
147.647s : 	3506041672	36067318	0
154.843s : 	3500384476	36364572	0
159.504s : 	3491494030	36551152	0
164.349s : 	3485284965	36816084	0
167.952s : 	3475648704	37305097	0
171.729s : 	3468806480	37596655	0
178.649s : 	3459850565	37776783	0
182.51s : 	3450387994	37891464	0
186.747s : 	3443697282	38217552	0
190.715s : 	3433419036	38481753	0
194.699s : 	3425244667	40424475	0
200.15s : 	3417651898	39261946	0
204.88s : 	3411225358	39719841	0
210.797s : 	3404300958	40072086	0
214.763s : 	3396905629	40452186	0
220.271s : 	3389541448	40933379	0
224.757s : 	3382131856	41160701	0
228.377s : 	3374474942	41573525	0
232.119s : 	3366943884	41781214	0
236.718s : 	3359703884	42014748	0
240.995s : 	3352529565	42578909	0
244.715s : 	3344649419	42498591	0
249.038s : 	3336318803	42356475	0
252.933s : 	3324353510	42471705	0
256.98s : 	3312575854	42783331	0
261.061s : 	3304276951	43013520	0
266.197s : 	3292224280	43054271	0
271.918s : 	3280512062	43085957	0
277.448s : 	3269506437	43115279	0
282.66s : 	3257341210	43404524	0
286.697s : 	3247019990	43731685	0
290.771s : 	3234475618	43916109	0
296.005s : 	3221423554	44173595	0
300.454s : 	3208573349	44272380	0
304.476s : 	3195345756	44452428	0
308.491s : 	3182864109	44636919	0
312.514s : 	3170101304	44847260	0
316.494s : 	3156593874	45194707	0
320.694s : 	3143156815	45410099	0
324.719s : 	3129707564	45277395	0
329.409s : 	3115844407	45625083	0
336.55s : 	3102150091	45892848	0
340.239s : 	3092760293	45920137	0
344.063s : 	3080192479	46064531	0
349.033s : 	3066069314	46371730	0
354.566s : 	3052971582	45695014	0
359.456s : 	3039335328	46012150	0
364.352s : 	3024922480	45985052	0
365.9s : 	3010191797	46325246	0
372.15s : 	2996263964	46467632	0
377.028s : 	2981746548	46561316	0
382.237s : 	2966968935	46935055	0
386.653s : 	2952266949	46292181	0
391.088s : 	2938029354	45540523	0
395.327s : 	2923790625	45764718	0
396.942s : 	2906337373	48604119	0
400.088s : 	2900744375	46525496	0
404.028s : 	2885807583	46249091	0
408.083s : 	2870790833	46425943	0
412.172s : 	2855964279	46644738	0
416.096s : 	2840796294	46456981	0
424.318s : 	2826536042	46505696	0
431.972s : 	2811283517	46464033	0
437.13s : 	2795159595	45684843	0
442.577s : 	2780042757	45466827	0
447.838s : 	2765815716	45460560	0
454.539s : 	2751845687	45238315	0
460.993s : 	2736794550	45136184	0
470.745s : 	2727856491	44585875	0
478.419s : 	2713136674	44447074	0
482.496s : 	2699304164	42898700	0
486.82s : 	2685584061	42137644	0
488.348s : 	2671986481	42408204	0
489.769s : 	2659099205	40387097	0
493.688s : 	2649703367	39475762	0
497.556s : 	2639916920	39368459	0
501.425s : 	2630438365	39221886	0
505.203s : 	2620788661	38700428	0
509.34s : 	2608081307	38448548	0
519.971s : 	2598993480	38360241	0
528.787s : 	2589686528	38385206	0
531.053s : 	2577445255	38918620	0
536.199s : 	2564874732	38341391	0
537.669s : 	2552856911	38334941	0
545.056s : 	2543195570	38366391	0
546.501s : 	2531106746	38394152	0
550.692s : 	2518132072	38753955	0
554.66s : 	2504763854	38837579	0
558.602s : 	2491795236	38601150	0
562.559s : 	2478666859	38728960	0
566.396s : 	2465328575	38843340	0
570.319s : 	2455526130	38776219	0
574.083s : 	2441962338	39162942	0
586.066s : 	2432023936	38482587	0
594.379s : 	2418602474	38563909	0
598.247s : 	2408970119	38507241	0
604.859s : 	2399663161	38594195	0
608.694s : 	2389879988	38522868	0
615.449s : 	2381009654	38541733	0
619.423s : 	2367123947	40388876	0
623.426s : 	2354234104	39013286	0
628.741s : 	2339509827	39276215	0
634.68s : 	2325942183	38876640	0
638.48s : 	2315732496	38874184	0
642.505s : 	2306039773	38848159	0
649.8s : 	2296088492	38686694	0
654.444s : 	2282694592	38844784	0
658.361s : 	2269188890	38923824	0
662.257s : 	2259284252	38741177	0
666.635s : 	2246198194	39034879	0
670.731s : 	2229373205	39405764	0
674.74s : 	2219921371	38477343	0
676.418s : 	2201861088	38863108	0
680.491s : 	2188220334	39028635	0
689.953s : 	2171626833	38443885	0
700.328s : 	2157582089	38476182	0
703.901s : 	2147885082	38354326	0
709.595s : 	2131669316	38341482	0
713.3s : 	2121912880	38061530	0
717.277s : 	2104325266	38181876	0
720.989s : 	2094358859	38194606	0
724.72s : 	2084227818	38198606	0
728.495s : 	2074321176	38147360	0
732.793s : 	2056440775	38309889	0
736.615s : 	2046436074	38087795	0
746.086s : 	2028392185	38287990	0
753.747s : 	2018790543	37826153	0
757.51s : 	2008653559	37839058	0
761.64s : 	1998519496	37820227	0
765.893s : 	1980295473	37954664	0
769.563s : 	1970242481	37936862	0
773.221s : 	1960538550	37541760	0
776.903s : 	1950937282	37399496	0
781.235s : 	1941122359	37287686	0
784.969s : 	1931053234	36998572	0
788.838s : 	1916952021	37152477	0
800.399s : 	1898872632	36904546	0
807.554s : 	1889219893	36882108	0
812.069s : 	1871687285	36483219	0
816.639s : 	1854237934	35973849	0
820.967s : 	1836598439	36157793	0
825.252s : 	1826755175	35754379	0
829.207s : 	1817119645	35642635	0
835.813s : 	1799940984	35759802	0
843.319s : 	1783569724	35693889	0
847.191s : 	1774700593	35438605	0
848.469s : 	1759664894	35494240	0
852.51s : 	1750734669	35097401	0
856.146s : 	1741477908	35067321	0
860.821s : 	1724028195	35136887	0
870.54s : 	1714999752	35006710	0
875.589s : 	1697730302	35245972	0
879.93s : 	1680668816	34604690	0
884.107s : 	1663258244	34528464	0
890.805s : 	1646430032	33520665	0
895.507s : 	1629951311	33526370	0
899.482s : 	1613203191	33343766	0
903.179s : 	1604436746	33137114	0
908.734s : 	1588998534	33285511	0
914.026s : 	1572422244	33249214	0
918.022s : 	1555612836	32931732	0
921.698s : 	1542831797	33088906	0
925.433s : 	1530082742	33259734	0
929.493s : 	1513503083	32804870	0
933.606s : 	1499775642	32551933	0
934.797s : 	1486588082	32306306	0
941.174s : 	1470059638	32306697	0
948.7s : 	1454251255	32172647	0
952.553s : 	1441416036	32208967	0
956.19s : 	1433328705	31810326	0
960.067s : 	1416832087	31906156	0
963.679s : 	1402990177	31321583	0
971.037s : 	1389985872	31428997	0
974.807s : 	1374104652	31479581	0
978.809s : 	1357714695	31549429	0
982.478s : 	1341742733	31497745	0
983.575s : 	1328284201	31569060	0
984.831s : 	1312039637	31225046	0
988.782s : 	1295714304	31313793	0
992.424s : 	1280333285	31048133	0
1000.15s : 	1263965873	31017699	0
1005.48s : 	1249920539	31145456	0
1009.44s : 	1236117437	30484699	0
1013.37s : 	1222621016	30667609	0
1017.34s : 	1209596057	30600810	0
1021.35s : 	1196036828	30252003	0
1025.26s : 	1180412371	30056719	0
1026.42s : 	1164972447	29890638	0
1030.05s : 	1152420040	29365931	0
1034.36s : 	1139881369	29594485	0
1043.83s : 	1125324692	29459118	0
1047.57s : 	1109613057	29390832	0
1051.05s : 	1097172334	29181467	0
1054.79s : 	1082654227	28945053	0
1059.29s : 	1067213503	28758077	0
1063.64s : 	1052070629	28376093	0
1067.5s : 	1039211098	28057496	0
1072s : 	1024129985	28125515	0
1077.11s : 	1009017494	27984254	0
1083.3s : 	994435318	27598958	0
1087.15s : 	982698872	27556125	0
1090.91s : 	970722518	27742321	0
1094.36s : 	956021940	27137319	0
1097.89s : 	940466278	27032751	0
1101.38s : 	925569115	27169554	0
1104.97s : 	911055714	27013981	0
1109.4s : 	896666675	25361634	0
1111.96s : 	890055898	24024805	0
1113.2s : 	879439032	24173430	0
1119.94s : 	866237685	24160658	0
1123.43s : 	853615589	23752403	0
1126.87s : 	840663627	24132368	0
1127.65s : 	833687424	23800544	0
1131.5s : 	822978341	22927833	0
1138.51s : 	814232237	22832565	0
1141.94s : 	801280689	22839194	0
1145.11s : 	790170375	20484599	0
1148.38s : 	778637422	20486113	0
1151.45s : 	768754938	19191385	0
1154.72s : 	758266993	19175549	0
1157.87s : 	747613084	18559121	0
1161.03s : 	737074151	18119104	0
1163.97s : 	726814991	17671545	0
1166.95s : 	715754918	18006302	0
1170.66s : 	705660750	16829098	0
1171.17s : 	696727006	16019513	0
1176.85s : 	687175680	15462977	0
1180.65s : 	678661713	15335611	0
1183.7s : 	669335239	15140845	0
1187.2s : 	660202632	14961294	0
1190.73s : 	652488821	14402770	0
1193.9s : 	643596935	14405875	0
1197.4s : 	636065142	14165514	0
1200.73s : 	627710825	13466784	0
1203.93s : 	619795949	13212056	0
1207.02s : 	613047711	12578137	0
1212.9s : 	605846560	12603566	0
1216.21s : 	598091100	12006069	0
1219.55s : 	591484774	11552972	0
1222.89s : 	584047811	11485720	0
1226.35s : 	578699960	11403118	0
1229.45s : 	571542020	11280928	0
1232.44s : 	564991576	11328705	0
1235.53s : 	557752904	11198946	0
1235.91s : 	551299234	11209438	0
1238.98s : 	544004997	11079735	0
1242.01s : 	537662240	11065715	0
1245.09s : 	530485496	10941141	0
1249.16s : 	523802742	10783727	0
1253.04s : 	517502684	10670335	0
1256.47s : 	510497329	10690755	0
1259.59s : 	503552512	10696527	0
1262.68s : 	496825607	10184153	0
1265.51s : 	491030281	9832610	0
1268.44s : 	484476125	9837595	0
1272.28s : 	479483716	9841284	0
1272.56s : 	474573421	9790397	0
1275.53s : 	470203999	9696146	0
1278.61s : 	463795004	9630466	0
1281.59s : 	457846694	9487356	0
1284.53s : 	452234384	9501557	0
1287.46s : 	445885138	9328819	0
1290.32s : 	441030335	9278699	0
1293.2s : 	436195150	9231245	0
1296.04s : 	430196346	9212737	0
1298.9s : 	424741216	9252099	0
1304.2s : 	418551775	9228824	0
1307.14s : 	413204849	9187963	0
1310.14s : 	408868043	8740377	0
1313.22s : 	403768504	8661210	0
1316.13s : 	399415464	8502428	0
1319.29s : 	393941334	7997496	0
1322.23s : 	388616146	7966229	0
1325.15s : 	384778766	7708549	0
1325.42s : 	381157369	7518415	0
1328.69s : 	376563422	7564035	0
1333.32s : 	371455686	7433659	0
1336.04s : 	366405486	7417608	0
1338.85s : 	362865720	7304508	0
1341.7s : 	358563237	7304562	0
1344.43s : 	353848303	7354223	0
1347.14s : 	350339461	7237717	0
1349.93s : 	345350750	7230161	0
1350.18s : 	340511777	7115443	0
1353.11s : 	336904222	7033935	0
1356.02s : 	333421621	6789663	0
1359.06s : 	329293808	6784032	0
1362.03s : 	325919912	6595957	0
1365.28s : 	321510515	6610574	0
1369.88s : 	318015773	6557404	0
1370.16s : 	313710085	6314145	0
1373.12s : 	310477990	6291948	0
1375.98s : 	305980578	6332466	0
1379.55s : 	301686794	6305497	0
1382.29s : 	298589841	6216711	0
1382.45s : 	295595815	5927970	0
1385.31s : 	291579731	5748082	0
1385.48s : 	287742039	5576253	0
1388.27s : 	284858478	5463638	0
1390.99s : 	281993273	5364036	0
1393.6s : 	278583633	5378466	0
1396.41s : 	274823688	5388520	0
1399.2s : 	271987293	5326989	0
1403.09s : 	269129815	5335354	0
1406.15s : 	265397898	5350460	0
1409.07s : 	262676930	5286849	0
1412.04s : 	259064476	5131182	0
1414.75s : 	255517596	5062284	0
1417.51s : 	252208148	5003409	0
1420.16s : 	249572958	4968317	0
1422.8s : 	246950475	4918683	0
1425.61s : 	243646059	4912725	0
1428.47s : 	241091308	4866953	0
1431.15s : 	238423336	4870890	0
1433.86s : 	235029972	4882074	0
1436.67s : 	231360252	4883840	0
1439.32s : 	228113637	4893163	0
1443.16s : 	224623807	4895186	0
1446.01s : 	221979021	4853304	0
1448.82s : 	218830254	4872002	0
1448.97s : 	216360228	4774380	0
1452.09s : 	213897587	4753076	0
1454.88s : 	210949792	4708877	0
1458.07s : 	207522336	4709652	0
1460.94s : 	204944153	4661653	0
1463.68s : 	202435859	4656900	0
1466.34s : 	199986739	4639473	0
1469.26s : 	196681484	4588978	0
1471.95s : 	193415008	4597499	0
1474.64s : 	190268636	4596425	0
1477.5s : 	187103331	4529653	0
1480.29s : 	184728627	4435463	0
1483s : 	181614788	4340680	0
1486.24s : 	179249804	4336425	0
1489.18s : 	176459926	4333035	0
1492.01s : 	173286660	4281958	0
1492.11s : 	171138970	4175114	0
1494.96s : 	168380033	4183711	0
1498.08s : 	165612061	4145218	0
1500.8s : 	162806277	4113890	0
1503.28s : 	160029441	4003619	0
1505.86s : 	157098161	3972117	0
1508.46s : 	154697148	3972231	0
1511.17s : 	151812171	3937650	0
1513.75s : 	149590592	3939333	0
1516.22s : 	147335783	3929722	0
1518.95s : 	144752928	3882643	0
1521.68s : 	141969434	3847807	0
1521.79s : 	139156511	3783063	0
1524.75s : 	136321513	3782049	0
1527.45s : 	133603418	3650724	0
1530.21s : 	131150563	3540006	0
1533.47s : 	128762991	3543971	0
1536.27s : 	126161775	3535381	0
1538.96s : 	123578164	3492613	0
1541.55s : 	121579552	3466661	0
1544.3s : 	119403109	3298399	0
1547.06s : 	117572162	3290672	0
1549.88s : 	115159721	3264300	0
1552.69s : 	112870712	3156292	0
1555.35s : 	110612674	3045100	0
1558.12s : 	108370521	2968835	0
1560.71s : 	106380035	2953138	0
1563.29s : 	104716782	2888952	0
1566.4s : 	102825430	2868181	0
1569.12s : 	100827780	2858983	0
1571.96s : 	98921177	2828539	0
1574.63s : 	96860691	2826099	0
1577.23s : 	94844735	2785441	0
1579.98s : 	92846048	2791308	0
1580.07s : 	90792794	2760646	0
1583.09s : 	88748981	2714776	0
1585.84s : 	86701618	2672545	0
1588.53s : 	84675492	2661987	0
1591.15s : 	82687099	2665888	0
1594.16s : 	80934214	2532340	0
1596.9s : 	79041812	2533654	0
1599.54s : 	77216653	2485069	0
1602.34s : 	75381613	2473023	0
1604.97s : 	73596735	2379382	0
1607.63s : 	72009513	2384769	0
1610.28s : 	70429381	2363011	0
1613.02s : 	68780771	2181666	0
1615.84s : 	67266334	2044694	0
1618.46s : 	65687968	2001408	0
1621.3s : 	64451139	1970641	0
1624.08s : 	62988445	1957196	0
1626.81s : 	61680413	1748800	0
1629.66s : 	60350742	1739019	0
1632.47s : 	59110569	1643318	0
1635.14s : 	57898139	1587445	0
1638s : 	56837805	1544118	0
1640.99s : 	55666048	1536000	0
1643.51s : 	54618985	1492755	0
1643.55s : 	53489061	1468882	0
1646.35s : 	52394438	1469728	0
1649.12s : 	51461963	1307943	0
1651.68s : 	50500356	1275586	0
1654.31s : 	49558921	1277484	0
1656.9s : 	48612399	1222109	0
1659.4s : 	47685238	1219747	0
1659.44s : 	46807023	1185183	0
1662.1s : 	45963301	1182506	0
1664.79s : 	45073454	1171202	0
1664.83s : 	44247852	1155706	0
1664.87s : 	43422644	1073579	0
1667.42s : 	42590958	1076708	0
1670.33s : 	41825467	1063735	0
1673.13s : 	41172016	991409	0
1675.83s : 	40409209	978606	0
1678.37s : 	39768213	925645	0
1681.16s : 	39047452	911141	0
1684.11s : 	38344305	880347	0
1686.88s : 	37651331	876440	0
1689.31s : 	36970374	864607	0
1691.97s : 	36308739	854205	0
1694.66s : 	35686504	832804	0
1697.12s : 	35094788	829581	0
1699.77s : 	34538381	800466	0
1702.28s : 	34006987	793890	0
1704.98s : 	33395102	791700	0
1707.56s : 	32793440	777103	0
1710.15s : 	32205296	761111	0
1712.81s : 	31599099	749813	0
1715.46s : 	31012792	749871	0
1718.05s : 	30418495	748244	0
1720.73s : 	29945487	725620	0
1723.45s : 	29366331	718955	0
1725.98s : 	28882131	716412	0
1728.49s : 	28402559	716252	0
1730.95s : 	27842647	691041	0
1730.97s : 	27369806	683952	0
1733.33s : 	26847717	648098	0
1735.72s : 	26351179	627269	0
1738.24s : 	25867820	610057	0
1740.98s : 	25408391	601101	0
1743.7s : 	24966960	594998	0
1743.72s : 	24588816	581226	0
1746.27s : 	24199407	581682	0
1748.92s : 	23792371	576297	0
1748.94s : 	23394867	554106	0
1750.75s : 	23030913	546223	0
1753.53s : 	22595187	534425	0
1756.18s : 	22170469	521841	0
1758.92s : 	21803401	507372	0
1761.58s : 	21449301	504285	0
1764.29s : 	21030799	500787	0
1766.91s : 	20629884	500219	0
1769.48s : 	20224906	502170	0
1772.08s : 	19866373	469114	0
1774.68s : 	19526667	466968	0
1774.7s : 	19138080	467342	0
1777.27s : 	18820651	466973	0
1779.91s : 	18432612	466968	0
1782.49s : 	18071816	458542	0
1785.21s : 	17692594	451627	0
1787.95s : 	17316946	451174	0
1790.59s : 	16999111	441674	0
1793.13s : 	16640294	447493	0
1795.7s : 	16351344	437142	0
1798.31s : 	15992937	433435	0
1800.83s : 	15683182	419590	0
1803.32s : 	15378859	417530	0
1806.01s : 	15041848	403113	0
1808.59s : 	14755345	402463	0
1811.24s : 	14446733	404127	0
1813.82s : 	14131925	396716	0
1816.45s : 	13822182	392163	0
1819.19s : 	13551754	382264	0
1821.86s : 	13291673	362702	0
1821.88s : 	12999457	362055	0
1824.41s : 	12741896	359099	0
1827.02s : 	12445966	355310	0
1829.55s : 	12178724	350315	0
1832.03s : 	11916359	350567	0
1834.62s : 	11678228	348283	0
1837.05s : 	11400640	332220	0
1839.74s : 	11133868	316243	0
1842.26s : 	10898164	315729	0
1844.79s : 	10653507	304858	0
1847.38s : 	10442851	302093	0
1849.88s : 	10225300	292252	0
1852.34s : 	9993161	290668	0
1854.77s : 	9771613	289815	0
1857.35s : 	9567538	276081	0
1857.36s : 	9341129	275682	0
1859.82s : 	9124664	267272	0
1862.39s : 	8908963	255685	0
1864.94s : 	8697768	247452	0
1867.54s : 	8496417	236529	0
1870.07s : 	8322855	231879	0
1872.62s : 	8141423	219462	0
1875.12s : 	7955861	219041	0
1877.66s : 	7771953	217980	0
1880.16s : 	7589348	214876	0
1882.68s : 	7411720	207934	0
1885.2s : 	7257898	206712	0
1887.7s : 	7081474	206797	0
1890.36s : 	6910759	205220	0
1890.37s : 	6742663	205416	0
1892.72s : 	6576493	199445	0
1895.3s : 	6409952	196776	0
1897.75s : 	6265863	191670	0
1900.29s : 	6107148	190716	0
1902.83s : 	5953174	183322	0
1905.25s : 	5797416	181953	0
1907.76s : 	5653772	167131	0
1910.23s : 	5527654	163468	0
1912.72s : 	5405130	163396	0
1915.25s : 	5277612	159050	0
1917.73s : 	5145400	154456	0
1920.29s : 	5014400	154227	0
1922.83s : 	4884335	152128	0
1925.58s : 	4756929	149545	0
1928.09s : 	4633715	149640	0
1930.84s : 	4509938	148252	0
1933.38s : 	4396846	147396	0
1936.02s : 	4288309	144140	0
1938.65s : 	4169010	144218	0
1941.28s : 	4050674	138099	0
1943.96s : 	3935223	135513	0
1946.74s : 	3829654	132859	0
1946.75s : 	3729030	119500	0
1949.37s : 	3630231	114689	0
1949.38s : 	3535205	112455	0
1952.02s : 	3444167	108080	0
1954.54s : 	3353535	106584	0
1957.04s : 	3265737	105672	0
1957.05s : 	3176233	102612	0
1959.59s : 	3096408	101297	0
1962.46s : 	3011284	98656	0
1965.25s : 	2934532	88404	0
1968s : 	2859836	86602	0
1970.7s : 	2784648	85943	0
1973.17s : 	2711854	85422	0
1975.69s : 	2642464	82742	0
1978.33s : 	2573858	82571	0
1980.87s : 	2506628	80219	0
1983.37s : 	2438684	79469	0
1985.83s : 	2375725	78269	0
1988.35s : 	2313562	73814	0
1990.8s : 	2253039	72661	0
1990.8s : 	2189501	72717	0
1993.06s : 	2131951	70727	0
1995.66s : 	2073695	68866	0
1998.21s : 	2020440	66505	0
2000.78s : 	1967573	65475	0
2003.27s : 	1916977	59571	0
2006.17s : 	1866585	57983	0
2006.18s : 	1819461	53976	0
2008.71s : 	1773094	53432	0
2011.16s : 	1727653	53534	0
2013.64s : 	1681692	51905	0
2016.15s : 	1637573	50117	0
2018.76s : 	1594906	49679	0
2021.34s : 	1552503	49486	0
2023.88s : 	1513448	48393	0
2026.55s : 	1473735	46489	0
2029.14s : 	1438646	46092	0
2031.62s : 	1409142	45824	0
2034.17s : 	1369108	45866	0
2035.88s : 	1335660	41256	0
2038.5s : 	1301824	41322	0
2041.02s : 	1267180	40803	0
2043.64s : 	1233110	38919	0
2046.23s : 	1199545	38523	0
2048.74s : 	1173612	37995	0
2051.27s : 	1146920	36811	0
2053.68s : 	1125391	35343	0
2056.18s : 	1099274	34464	0
2058.53s : 	1072074	34035	0
2061.14s : 	1045353	32565	0
2063.67s : 	1019245	32609	0
2066.33s : 	1001217	32439	0
2068.93s : 	977577	32105	0
2071.41s : 	955490	27974	0
2074.07s : 	937712	26718	0
2076.6s : 	918625	26727	0
2079.22s : 	905880	23858	0
2081.68s : 	895707	23588	0
2084.09s : 	885137	23162	0
2086.74s : 	872406	22799	0
2089.2s : 	860820	22052	0
2091.71s : 	847463	22089	0
2094.22s : 	830993	21053	0
2096.76s : 	820845	20701	0
2099.27s : 	812943	20724	0
2101.64s : 	804650	20446	0
2104.24s : 	793741	20303	0
2106.84s : 	781759	19659	0
2109.3s : 	774344	19213	0
2109.31s : 	761971	19128	0
2111.86s : 	753212	17922	0
2114.52s : 	740617	17756	0
2116.99s : 	734978	17593	0
2119.54s : 	728687	17493	0
2122.04s : 	721546	17175	0
2124.56s : 	713451	18988	0
2127.13s : 	707838	16886	0
2127.13s : 	698227	16512	0
2129.64s : 	692168	16452	0
2132.17s : 	686991	16300	0
2134.65s : 	680159	16220	0
2137.31s : 	668716	17108	0
2139.83s : 	662506	15906	0
2142.47s : 	654749	15329	0
2145.1s : 	647318	16502	0
2147.65s : 	643209	15182	0
2150.06s : 	636104	16722	0
2152.52s : 	632981	14986	0
2155.09s : 	627978	14682	0
2157.54s : 	621548	14658	0
2160.12s : 	615705	14524	0
2162.49s : 	612454	14237	0
2164.9s : 	606922	16985	0
2167.42s : 	601837	14897	0
2169.85s : 	598494	13248	0
2169.85s : 	592822	15632	0
2169.85s : 	588253	13785	0
2172.27s : 	584800	12851	0
2174.75s : 	581853	13192	0
2177.36s : 	578458	12560	0
2180.01s : 	575399	15545	0
2182.45s : 	571504	12460	0
2184.9s : 	568127	12269	0
2187.49s : 	564409	14529	0
2189.95s : 	557070	13005	0
2192.54s : 	552945	12225	0
2195s : 	549353	12127	0
2197.37s : 	544359	12031	0
2199.83s : 	540800	12038	0
2202.4s : 	537628	11864	0
2204.89s : 	530938	11609	0
2207.3s : 	527915	11295	0
2209.65s : 	525811	11931	0
2212.09s : 	523248	11217	0
2214.62s : 	520063	11233	0
2217.21s : 	516409	14273	0
2219.62s : 	514380	11161	0
2222.08s : 	511076	11131	0
2224.59s : 	508010	11119	0
2227.11s : 	505362	11032	0
2229.56s : 	503009	11182	0
2231.97s : 	500660	10856	0
2234.53s : 	497949	10760	0
2237.03s : 	495040	10596	0
2239.6s : 	488462	10259	0
2242.03s : 	485793	9874	0
2244.48s : 	482808	11759	0
2246.96s : 	480623	10107	0
2249.33s : 	474089	9816	0
2251.83s : 	471919	9793	0
2254.4s : 	469666	9717	0
2256.96s : 	466943	9704	0
2259.43s : 	464882	9681	0
2261.85s : 	461714	9694	0
2261.85s : 	458157	14572	0
2264.21s : 	455460	9720	0
2266.65s : 	452928	9729	0
2266.65s : 	450768	9604	0
2269.11s : 	447540	9877	0
2271.55s : 	445042	9644	0
2273.98s : 	439703	9615	0
2276.54s : 	437203	9640	0
2278.98s : 	434650	9437	0
2281.58s : 	431843	9433	0
2284.18s : 	429646	9339	0
2286.72s : 	423481	8983	0
2289.47s : 	416594	8910	0
2292.11s : 	411005	8813	0
2294.56s : 	408893	8738	0
2297.01s : 	406646	9048	0
2299.32s : 	404495	8620	0
2301.94s : 	402187	8465	0
2304.38s : 	397568	8441	0
2306.81s : 	395257	8298	0
2309.26s : 	393193	8173	0
2309.27s : 	387241	8151	0
2309.27s : 	385375	7965	0
2311.7s : 	383702	7929	0
2314.3s : 	381658	7927	0
2316.81s : 	379313	9632	0
2319.33s : 	377310	7826	0
2321.72s : 	375532	7759	0
2324.26s : 	369727	7725	0
2326.94s : 	367954	7742	0
2329.55s : 	365617	11273	0
2332.1s : 	359546	9201	0
2334.66s : 	357444	7713	0
2337.27s : 	351620	7715	0
2339.91s : 	349563	7635	0
2342.44s : 	347440	7587	0
2344.86s : 	345288	7582	0
2347.38s : 	340359	7548	0
2349.71s : 	338715	7482	0
2352.21s : 	333337	7424	0
2354.64s : 	331369	7370	0
2356.96s : 	329242	7368	0
2359.47s : 	327090	7502	0
2359.47s : 	325410	7257	0
2362.04s : 	323380	7220	0
2364.62s : 	321168	7184	0
2367.19s : 	314906	11477	0
2369.64s : 	309689	7199	0
2372.17s : 	307657	7171	0
2374.75s : 	305704	7141	0
2377.25s : 	303714	7111	0
2377.26s : 	299331	9111	0
2379.78s : 	297504	7048	0
2382.33s : 	295493	6701	0
2384.96s : 	293697	6546	0
2387.52s : 	291546	6544	0
2390.01s : 	287650	6435	0
2392.47s : 	285671	6428	0
2394.94s : 	283553	6355	0
2397.52s : 	278624	6329	0
2400.02s : 	276661	6342	0
2402.47s : 	274903	6778	0
2405.01s : 	269142	7808	0
2407.55s : 	267251	6441	0
2410.06s : 	265449	6364	0
2412.53s : 	260556	6296	0
2415.06s : 	256427	6272	0
2415.06s : 	254240	6009	0
2417.5s : 	252293	5957	0
2417.5s : 	250209	5928	0
2419.94s : 	248225	5892	0
2422.36s : 	243514	6040	0
2424.84s : 	241527	5836	0
2427.4s : 	239450	5836	0
2429.81s : 	237370	5799	0
2432.36s : 	235094	5794	0
2434.9s : 	233221	5752	0
2437.5s : 	231155	5674	0
2439.96s : 	229084	5658	0
2442.42s : 	227197	5645	0
2444.86s : 	225234	5641	0
2444.86s : 	223149	5618	0
2447.19s : 	221380	5584	0
2449.67s : 	219117	5542	0
2452.1s : 	217306	5425	0
2454.56s : 	215079	5371	0
2457.06s : 	211121	5353	0
2457.06s : 	207580	5311	0
2457.06s : 	205476	5274	0
2459.62s : 	201700	7195	0
2462.27s : 	198164	5269	0
2463.94s : 	193908	5148	0
2466.45s : 	191923	5140	0
2468.98s : 	188500	5076	0
2471.39s : 	186663	5085	0
2473.84s : 	182614	5038	0
2476.4s : 	178549	4994	0
2478.86s : 	174795	4958	0
2481.33s : 	170866	4950	0
2483.7s : 	167198	4954	0
2486.19s : 	165118	4743	0
2489.1s : 	162879	4437	0
2491.59s : 	161042	4425	0
2494.14s : 	159053	4402	0
2496.55s : 	155309	4864	0
2499.07s : 	152087	4366	0
2501.51s : 	150153	4347	0
2504.18s : 	148173	4323	0
2506.7s : 	146122	4331	0
2509.07s : 	144147	4298	0
2511.52s : 	142135	4486	0
2514s : 	140205	4134	0
2516.55s : 	138451	4085	0
2518.93s : 	136695	3998	0
2521.23s : 	134955	3974	0
2523.66s : 	131957	4016	0
2526.15s : 	130560	3861	0
2528.66s : 	128649	3838	0
2531.64s : 	126811	3840	0
2534.12s : 	124829	3831	0
2536.75s : 	122735	4365	0
2539.2s : 	120942	3723	0
2541.67s : 	119111	3657	0
2544.13s : 	117706	3585	0
2546.56s : 	116047	3575	0
2549.13s : 	113619	3552	0
2551.55s : 	111252	3562	0
2553.93s : 	109248	3544	0
2556.33s : 	107258	3541	0
2558.71s : 	104996	3549	0
2561.1s : 	103323	3547	0
2563.55s : 	101901	3453	0
2565.96s : 	100035	3329	0
2568.34s : 	98194	3319	0
2570.8s : 	96530	3289	0
2573.32s : 	94724	3191	0
2575.93s : 	92391	3195	0
2578.41s : 	90825	3159	0
2580.97s : 	88599	3054	0
2583.55s : 	86507	2996	0
2585.95s : 	84957	2963	0
2588.46s : 	83071	2934	0
2590.78s : 	81009	2857	0
2593.27s : 	79300	2805	0
2595.83s : 	77503	2675	0
2598.33s : 	75499	2586	0
2600.59s : 	73735	2413	0
2603.18s : 	71854	2408	0
2603.18s : 	70025	2327	0
2605.66s : 	68380	2119	0
2608.19s : 	66855	2093	0
2610.51s : 	65575	1995	0
2612.89s : 	64224	1948	0
2615.36s : 	62756	1927	0
2617.85s : 	61346	1858	0
2620.3s : 	59865	1844	0
2620.31s : 	58591	1830	0
2622.7s : 	57304	1782	0
2625.11s : 	57180	1623	0
2625.11s : 	56969	1589	0
2627.51s : 	56796	1513	0
2629.89s : 	56581	1511	0
2632.35s : 	56360	1644	0
2634.81s : 	55156	1815	0
2637.31s : 	54954	1454	0
2639.83s : 	54762	1443	0
2642.24s : 	54560	1421	0
2644.66s : 	54332	1423	0
2644.67s : 	54135	1430	0
2647.07s : 	53889	1316	0
2649.41s : 	53381	1321	0
2651.74s : 	53168	1287	0
2654.15s : 	52958	1549	0
2656.6s : 	52741	1495	0
2659.18s : 	52474	1299	0
2661.54s : 	51146	1890	0
2664s : 	50941	1272	0
2666.51s : 	50761	1263	0
2668.85s : 	50570	1171	0
2671.36s : 	50327	1166	0
2673.85s : 	50074	1170	0
2673.86s : 	49831	1173	0
2676.29s : 	49637	1289	0
2678.64s : 	49436	1338	0
2681.04s : 	49163	1655	0
2682.62s : 	49021	1163	0
2685.18s : 	48819	1113	0
2687.59s : 	48678	1094	0
2690.01s : 	48522	1133	0
2692.48s : 	48351	1186	0
2694.9s : 	48162	1099	0
2697.16s : 	47875	1083	0
2697.16s : 	47658	1029	0
2697.16s : 	47410	1493	0
2699.67s : 	47167	1432	0
2702.27s : 	46954	1173	0
2704.75s : 	46791	1010	0
2707.16s : 	46603	1001	0
2709.66s : 	46242	1429	0
2712.09s : 	45980	1265	0
2714.4s : 	45692	1046	0
2716.85s : 	45508	1024	0
2719.32s : 	45343	1107	0
2721.79s : 	45147	1130	0
2724.12s : 	44960	1052	0
2726.42s : 	44589	1195	0
2728.85s : 	44325	991	0
2731.25s : 	44106	1020	0
2733.73s : 	43894	954	0
2736.2s : 	43591	979	0
2738.65s : 	43339	967	0
2741.15s : 	43188	953	0
2741.16s : 	42834	1255	0
2743.65s : 	42635	1081	0
2746.15s : 	42475	927	0
2748.5s : 	42181	1222	0
2750.82s : 	42001	937	0
2753.2s : 	41815	925	0
2755.48s : 	41558	920	0
2757.83s : 	41366	900	0
2760.23s : 	41212	899	0
2762.69s : 	41018	894	0
2765.1s : 	40861	881	0
2767.56s : 	40617	887	0
2770.12s : 	40448	971	0
2770.12s : 	40286	874	0
2772.43s : 	39945	1219	0
2775.04s : 	39761	853	0
2777.47s : 	39528	839	0
2780.03s : 	39366	840	0
2782.49s : 	39206	932	0
2784.88s : 	38936	1250	0
2787.22s : 	38730	845	0
2789.62s : 	38545	847	0
2791.95s : 	38344	898	0
2791.96s : 	38166	842	0
2794.22s : 	38017	845	0
2796.6s : 	37847	839	0
2798.97s : 	37685	836	0
2801.36s : 	37214	984	0
2803.83s : 	36995	843	0
2806.26s : 	36679	1247	0
2808.72s : 	36345	851	0
2808.72s : 	36101	836	0
2811.06s : 	35838	1007	0
2813.46s : 	35677	857	0
2815.86s : 	35548	836	0
2818.25s : 	35378	823	0
2820.54s : 	35046	803	0
2822.96s : 	34759	792	0
2825.37s : 	34608	785	0
2825.38s : 	34296	1117	0
2827.86s : 	34044	780	0
2830.28s : 	33837	784	0
2832.64s : 	33634	781	0
2835.17s : 	33440	776	0
2837.56s : 	33255	759	0
2839.88s : 	33031	761	0
2842.33s : 	32818	808	0
2844.82s : 	32510	1129	0
2847.3s : 	32309	758	0
2849.74s : 	32067	844	0
2852.15s : 	31807	732	0
2854.64s : 	31626	715	0
2857.04s : 	31450	725	0
2859.53s : 	31260	714	0
2861.91s : 	31098	706	0
2864.31s : 	30876	706	0
2866.77s : 	30625	698	0
2869.19s : 	30462	687	0
2869.19s : 	30259	670	0
2871.6s : 	30073	667	0
2874.12s : 	29885	663	0
2876.66s : 	29516	662	0
2879.2s : 	29304	657	0
2881.83s : 	29068	650	0
2884.35s : 	28736	686	0
2884.36s : 	28514	623	0
2884.36s : 	28314	626	0
2886.91s : 	28100	618	0
2889.37s : 	27883	596	0
2891.95s : 	27597	723	0
2894.37s : 	27375	606	0
2894.37s : 	27175	597	0
2897s : 	26931	728	0
2899.45s : 	26719	615	0
2901.96s : 	26521	641	0
2904.47s : 	26272	587	0
2906.77s : 	26059	585	0
2909.27s : 	25805	581	0
2909.28s : 	25579	580	0
2911.84s : 	25400	563	0
2914.43s : 	25214	563	0
2917s : 	25020	593	0
2919.4s : 	24823	564	0
2921.93s : 	24625	561	0
2924.38s : 	24433	543	0
2926.89s : 	24227	535	0
2929.37s : 	24007	599	0
2931.78s : 	23777	525	0
2934.21s : 	23609	530	0
2936.69s : 	23403	540	0
2939.17s : 	23197	523	0
2941.5s : 	22989	523	0
2944.02s : 	22790	516	0
2944.02s : 	22582	514	0
2946.58s : 	22362	507	0
2948.96s : 	22130	566	0
2951.45s : 	21874	507	0
2953.89s : 	21671	506	0
2956.46s : 	21443	508	0
2958.92s : 	21145	506	0
2961.49s : 	20961	502	0
2963.89s : 	20770	503	0
2963.89s : 	20572	542	0
2966.24s : 	20393	485	0
2966.24s : 	20187	483	0
2968.74s : 	19942	475	0
2971.11s : 	19796	472	0
2973.36s : 	19611	466	0
2975.74s : 	19431	462	0
2978.31s : 	19206	461	0
2980.74s : 	18954	460	0
2983.28s : 	18771	454	0
2985.02s : 	18594	437	0
2987.46s : 	18354	434	0
2989.95s : 	18130	433	0
2992.49s : 	17947	402	0
2995.14s : 	17722	402	0
2997.67s : 	17545	388	0
3000.26s : 	17354	379	0
3002.78s : 	17132	369	0
3005.2s : 	16905	365	0
3007.8s : 	16699	364	0
3010.35s : 	16495	364	0
3010.35s : 	16308	362	0
3012.8s : 	16087	358	0
3015.37s : 	15858	357	0
3017.99s : 	15650	356	0
3020.57s : 	15444	348	0
3023.13s : 	15229	342	0
3025.63s : 	14990	357	0
3028.2s : 	14789	341	0
3030.77s : 	14565	332	0
3033.36s : 	14345	328	0
3035.9s : 	14146	324	0
3038.34s : 	13925	323	0
3040.83s : 	13763	322	0
3043.31s : 	13572	326	0
3045.81s : 	13360	305	0
3048.41s : 	13171	304	0
3050.94s : 	12975	296	0
3053.47s : 	12766	289	0
3055.96s : 	12562	289	0
3058.28s : 	12354	289	0
3060.83s : 	12157	274	0
3063.29s : 	12011	255	0
3065.75s : 	11852	274	0
3068.28s : 	11674	255	0
3070.73s : 	11503	252	0
3073.32s : 	11330	247	0
3073.33s : 	11180	243	0
3075.83s : 	10995	241	0
3075.83s : 	10828	244	0
3078.16s : 	10653	239	0
3078.17s : 	10507	238	0
3081.01s : 	10356	239	0
3083.47s : 	10188	236	0
3086s : 	10028	233	0
3088.52s : 	9880	234	0
3091.02s : 	9727	234	0
3093.43s : 	9575	225	0
3095.93s : 	9425	223	0
3098.41s : 	9255	223	0
3100.8s : 	9104	222	0
3103.34s : 	8951	222	0
3105.88s : 	8817	218	0
3108.45s : 	8687	218	0
3111.02s : 	8542	219	0
3113.55s : 	8400	218	0
3116.1s : 	8272	213	0
3116.1s : 	8142	211	0
3118.75s : 	8010	208	0
3121.36s : 	7870	207	0
3123.91s : 	7726	207	0
3126.53s : 	7607	193	0
3128.96s : 	7484	190	0
3131.45s : 	7376	180	0
3133.95s : 	7254	176	0
3136.82s : 	7129	177	0
3139.4s : 	7032	168	0
3142.03s : 	6925	169	0
3144.51s : 	6807	166	0
3147.01s : 	6706	165	0
3149.55s : 	6612	165	0
3149.55s : 	6505	164	0
3151.95s : 	6389	173	0
3154.51s : 	6283	153	0
3156.93s : 	6196	149	0
3159.37s : 	6100	144	0
3161.98s : 	6001	138	0
3164.46s : 	5922	136	0
3167.07s : 	5838	137	0
3169.45s : 	5753	134	0
3169.46s : 	5658	134	0
3172.03s : 	5580	135	0
3174.5s : 	5490	133	0
3176.84s : 	5410	132	0
3176.84s : 	5331	131	0
3179.61s : 	5249	126	0
3182.03s : 	5175	128	0
3184.36s : 	5111	128	0
3186.68s : 	5054	124	0
3189.18s : 	5006	125	0
3192.06s : 	4972	123	0
3194.47s : 	4926	120	0
3197s : 	4872	120	0
3199.39s : 	4828	116	0
3201.78s : 	4765	154	0
3201.79s : 	4725	115	0
3204.05s : 	4685	114	0
3206.44s : 	4643	114	0
3208.88s : 	4603	111	0
3211.39s : 	4547	155	0
3213.91s : 	4511	134	0
3213.91s : 	4477	112	0
3216.31s : 	4434	109	0
3219.21s : 	4400	107	0
3221.68s : 	4383	118	0
3224.2s : 	4361	152	0
3226.63s : 	4329	123	0
3229.05s : 	4305	141	0
3231.58s : 	4267	106	0
3234.06s : 	4232	106	0
3236.48s : 	4217	103	0
3238.89s : 	4194	94	0
3241.18s : 	4157	93	0
3243.73s : 	4146	93	0
3246.16s : 	4135	92	0
3248.8s : 	4127	92	0
3251.32s : 	4086	107	0
3253.82s : 	4039	90	0
3256.24s : 	4002	86	0
3258.65s : 	3959	85	0
3261.07s : 	3916	87	0
3263.46s : 	3872	86	0
3265.87s : 	3824	101	0
3268.49s : 	3790	85	0
3270.97s : 	3751	85	0
3273.57s : 	3702	83	0
3276.1s : 	3655	81	0
3278.71s : 	3620	87	0
3281.24s : 	3588	82	0
3283.76s : 	3545	81	0
3286.3s : 	3493	81	0
3286.3s : 	3440	80	0
3288.85s : 	3384	79	0
3291.38s : 	3340	76	0
3293.04s : 	3299	75	0
3293.04s : 	3265	74	0
3295.52s : 	3216	74	0
3298.21s : 	3177	73	0
3300.62s : 	3137	73	0
3303.06s : 	3100	73	0
3305.56s : 	3064	73	0
3307.99s : 	3029	72	0
3310.56s : 	2986	73	0
3313.2s : 	2943	71	0
3315.72s : 	2900	71	0
3318.19s : 	2888	72	0
3320.77s : 	2846	71	0
3323.43s : 	2810	70	0
3325.81s : 	2776	67	0
3328.18s : 	2746	66	0
3330.69s : 	2712	66	0
3333.16s : 	2701	65	0
3335.82s : 	2660	76	0
3338.17s : 	2626	76	0
3340.58s : 	2603	65	0
3342.95s : 	2583	64	0
3345.35s : 	2557	63	0
3347.72s : 	2534	62	0
3350.2s : 	2515	61	0
3352.67s : 	2499	61	0
3355.32s : 	2487	60	0
3357.77s : 	2464	59	0
3360.27s : 	2446	58	0
3362.77s : 	2415	58	0
3365.28s : 	2387	58	0
3367.67s : 	2366	56	0
3370.13s : 	2338	55	0
3372.48s : 	2304	55	0
3374.96s : 	2278	57	0
3377.45s : 	2245	54	0
3379.9s : 	2222	52	0
3379.9s : 	2198	52	0
3379.9s : 	2177	52	0
3382.22s : 	2159	51	0
3384.55s : 	2130	50	0
3387s : 	2104	51	0
3387s : 	2079	50	0
3389.47s : 	2052	49	0
3391.9s : 	2022	47	0
3391.9s : 	1999	47	0
3394.41s : 	1973	46	0
3396.74s : 	1948	46	0
3399.19s : 	1925	47	0
3401.64s : 	1906	46	0
3404.05s : 	1885	46	0
3406.59s : 	1856	46	0
3409.18s : 	1837	45	0
3411.59s : 	1825	43	0
3413.9s : 	1800	42	0
3416.17s : 	1784	42	0
3418.58s : 	1761	38	0
3420.84s : 	1746	38	0
3423.28s : 	1735	38	0
3425.62s : 	1728	38	0
3427.98s : 	1715	38	0
3430.41s : 	1697	38	0
3432.85s : 	1681	38	0
3435.21s : 	1662	38	0
3437.65s : 	1644	37	0
3439.99s : 	1624	37	0
3442.49s : 	1604	37	0
3444.84s : 	1593	38	0
3447.24s : 	1575	37	0
3447.24s : 	1548	38	0
3449.53s : 	1529	36	0
3451.91s : 	1508	36	0
3454.2s : 	1489	35	0
3456.48s : 	1474	34	0
3458.81s : 	1468	32	0
3461.09s : 	1453	32	0
3463.41s : 	1433	32	0
3465.65s : 	1421	31	0
3468.07s : 	1402	31	0
3470.46s : 	1387	31	0
3472.82s : 	1376	30	0
3475.22s : 	1362	30	0
3477.64s : 	1349	29	0
3479.97s : 	1333	29	0
3482.36s : 	1326	29	0
3484.74s : 	1313	29	0
3487.06s : 	1301	29	0
3489.47s : 	1290	28	0
3491.79s : 	1275	28	0
3494.09s : 	1261	28	0
3496.39s : 	1242	27	0
3498.68s : 	1232	27	0
3500.96s : 	1217	27	0
3503.34s : 	1205	27	0
3505.64s : 	1187	28	0
3508.05s : 	1174	26	0
3510.43s : 	1166	27	0
3512.77s : 	1154	24	0
3515.56s : 	1142	25	0
3518.05s : 	1130	25	0
3520.43s : 	1112	25	0
3522.81s : 	1096	24	0
3522.81s : 	1080	24	0
3522.81s : 	1069	24	0
3525.26s : 	1060	24	0
3527.64s : 	1044	23	0
3530.03s : 	1030	23	0
3532.37s : 	1014	23	0
3534.74s : 	1006	23	0
3537.09s : 	996	24	0
3539.52s : 	985	22	0
3542.03s : 	968	23	0
3544.38s : 	956	22	0
3546.71s : 	947	22	0
3549.12s : 	939	22	0
3551.65s : 	930	22	0
3554.25s : 	918	21	0
3556.79s : 	905	21	0
3559.16s : 	893	20	0
3561.58s : 	880	20	0
3563.98s : 	872	20	0
3563.98s : 	863	20	0
3566.35s : 	856	19	0
3568.92s : 	846	19	0
3571.52s : 	833	19	0
3573.82s : 	822	19	0
3576.18s : 	811	19	0
3578.6s : 	802	18	0
3580.86s : 	789	19	0
3583.27s : 	780	19	0
3585.57s : 	769	18	0
3588.01s : 	760	18	0
3590.37s : 	755	18	0
3590.37s : 	745	19	0
3592.78s : 	732	17	0
3595.26s : 	724	17	0
3597.64s : 	720	17	0
3600.05s : 	708	17	0
3602.61s : 	699	17	0
3605.13s : 	691	17	0
3605.13s : 	687	17	0
3605.13s : 	676	16	0
3607.53s : 	663	16	0
3610.08s : 	653	16	0
3612.41s : 	650	14	0
3614.82s : 	640	14	0
3617.17s : 	631	14	0
3619.6s : 	622	14	0
3622.04s : 	621	14	0
3624.39s : 	616	14	0
3626.7s : 	609	14	0
3629.4s : 	599	14	0
3629.4s : 	593	14	0
3631.83s : 	585	14	0
3634.36s : 	579	14	0
3636.7s : 	572	13	0
3639.15s : 	566	13	0
3639.15s : 	558	14	0
3641.61s : 	549	13	0
3644.03s : 	540	13	0
3646.39s : 	532	13	0
3648.75s : 	525	13	0
3651.15s : 	518	12	0
3653.47s : 	509	13	0
3656s : 	501	13	0
3658.47s : 	496	12	0
3661s : 	493	12	0
3663.6s : 	486	12	0
3666.05s : 	480	12	0
3668.64s : 	474	12	0
3671.12s : 	467	12	0
3673.6s : 	459	12	0
3676.16s : 	452	11	0
3678.62s : 	448	12	0
3681.18s : 	442	11	0
3683.62s : 	434	12	0
3685.95s : 	427	11	0
3688.33s : 	420	11	0
3690.69s : 	413	11	0
3693.15s : 	405	11	0
3695.45s : 	396	10	0
3697.9s : 	392	10	0
3700.45s : 	383	11	0
3702.91s : 	378	10	0
3705.36s : 	374	10	0
3707.77s : 	368	10	0
3710.19s : 	361	10	0
3712.74s : 	357	10	0
3715.13s : 	347	11	0
3717.64s : 	342	10	0
3720.11s : 	339	10	0
3722.57s : 	333	10	0
3724.98s : 	327	10	0
3727.38s : 	322	9	0
3729.95s : 	319	9	0
3732.3s : 	311	9	0
3734.66s : 	306	9	0
3737.25s : 	302	9	0
3739.78s : 	297	9	0
3742.39s : 	293	8	0
3744.94s : 	288	8	0
3747.41s : 	284	8	0
3750.08s : 	279	9	0
3752.48s : 	272	8	0
3752.49s : 	266	8	0
3755.2s : 	260	7	0
3755.2s : 	253	7	0
3757.61s : 	246	7	0
3760.02s : 	242	7	0
3762.4s : 	236	7	0
3764.84s : 	231	7	0
3767.29s : 	226	7	0
3769.71s : 	221	7	0
3772.2s : 	214	7	0
3774.63s : 	211	6	0
3777.18s : 	207	6	0
3779.53s : 	202	6	0
3782.08s : 	198	6	0
3784.66s : 	192	6	0
3787.21s : 	187	6	0
3789.67s : 	184	6	0
3792.17s : 	179	6	0
3794.64s : 	175	6	0
3797.16s : 	171	6	0
3799.55s : 	168	5	0
3801.98s : 	163	5	0
3804.48s : 	160	5	0
3806.86s : 	155	5	0
3809.3s : 	150	5	0
3811.68s : 	147	5	0
3814.33s : 	144	5	0
3816.84s : 	141	6	0
3816.84s : 	139	5	0
3816.84s : 	135	5	0
3819.4s : 	132	4	0
3821.83s : 	128	5	0
3824.36s : 	125	4	0
3826.85s : 	121	4	0
3829.24s : 	118	4	0
3831.84s : 	115	4	0
3834.32s : 	112	4	0
3836.66s : 	108	4	0
3836.66s : 	108	4	0
3839.04s : 	105	3	0
3841.34s : 	102	3	0
3843.7s : 	100	3	0
3846s : 	99	3	0
3848.55s : 	97	3	0
3851.2s : 	94	3	0
3853.69s : 	91	3	0
3856.07s : 	88	3	0
3858.53s : 	85	3	0
3860.97s : 	82	3	0
3863.53s : 	80	3	0
3866.06s : 	78	3	0
3868.44s : 	75	3	0
3870.96s : 	74	3	0
3873.3s : 	72	2	0
3875.82s : 	71	2	0
3878.38s : 	69	2	0
3880.89s : 	68	2	0
3883.51s : 	67	2	0
3886s : 	65	2	0
3888.63s : 	63	2	0
3891.08s : 	61	2	0
3893.65s : 	59	2	0
3896.16s : 	57	2	0
3898.67s : 	55	2	0
3901.12s : 	53	2	0
3903.56s : 	51	2	0
3905.98s : 	50	2	0
3908.53s : 	48	2	0
3911.03s : 	47	2	0
3913.62s : 	46	2	0
3916.14s : 	44	2	0
3918.69s : 	43	2	0
3921.33s : 	41	2	0
3923.93s : 	39	2	0
3926.39s : 	39	2	0
3928.85s : 	37	2	0
3928.86s : 	35	2	0
3931.4s : 	34	2	0
3934.07s : 	33	1	0
3936.44s : 	33	1	0
3939.06s : 	32	1	0
3941.57s : 	31	1	0
3944.18s : 	30	1	0
3946.82s : 	30	1	0
3949.37s : 	29	1	0
3951.94s : 	28	1	0
3954.34s : 	27	1	0
3956.93s : 	26	1	0
3959.32s : 	25	1	0
3961.66s : 	24	1	0
3964.16s : 	24	1	0
3966.47s : 	23	1	0
3968.89s : 	22	1	0
3971.45s : 	21	1	0
3973.85s : 	20	1	0
3976.33s : 	19	1	0
3978.65s : 	19	1	0
3981.1s : 	18	1	0
3983.62s : 	17	1	0
3986.02s : 	16	1	0
3988.56s : 	15	1	0
3991.04s : 	15	1	0
3993.52s : 	14	1	0
3995.99s : 	14	1	0
3998.53s : 	13	1	0
4001.13s : 	12	1	0
4003.62s : 	11	1	0
4006.11s : 	10	1	0
4008.6s : 	9	1	0
4011.08s : 	8	1	0
4013.64s : 	7	1	0
4016.08s : 	7	1	0
4018.78s : 	6	1	0
4021.33s : 	5	1	0
4023.81s : 	4	1	0
4026.24s : 	3	1	0
4028.75s : 	2	1	0
4028.75s : 	2	1	0
4031.06s : 	1	1	0
4031.06s : 	0	1	0
